
insert into supplier VALUES(1, 11885069219, 'ContinentalcCargo Kft' , 3 , 'https://www.continentalcargo.hu');
insert into supplier VALUES(2, 11892766392, 'ExportHungary Kft' , 4 , 'https://www.exporthungary.hu');
insert into supplier VALUES(3, 20672315141, 'Török-Export-Import' , 2 , 'https://www.torokorszag-import-export.hu');
insert into supplier VALUES(4, 10713033202, 'Kontakt-Elektro Kft' , 4 , 'https://www.kontakt-elektro.hu');
insert into supplier VALUES(5, 22614546241, 'Bormental Doktor Kft' , 5 , 'https://www.bormental.hu');



insert into manufacturer VALUES(1,'China','Samsung Electonics',5 ,'https://www.samsung.com/');
insert into manufacturer VALUES (2,'USA','Acer America Corporation',4,'https://www.acer.com/ac/hu/HU/content/home');
insert into manufacturer VALUES (3,'USA','GeForce',5,'https://www.nvidia.com/en-eu/geforce/');
insert into manufacturer VALUES (4,'Russian','ASUSTeK Computer Incorporated ',5,'https://www.asus.com/hu/');
insert into manufacturer VALUES (5,'Romania','Serioux ',2,'https://www.serioux.ro/');
insert into manufacturer VALUES (6,'USA','Hewlett-Packard Company ',2,'https://www8.hp.com/hu');
insert into manufacturer VALUES (7,'Japan','IT Store ',1,'https://google.com');
insert into manufacturer VALUES (8,'Danish','IT Factory',1,'https://www.the-itfactory.com/');
insert into manufacturer VALUES (9,'Romania','SmartPc',1,'https://smartpctools.com/');
insert into manufacturer VALUES (10,'USA','Dell Incorporated',3,'https://www.dell.com/support/home/hu-hu');
insert into manufacturer VALUES (11,'Korea','LG Electronics Inc',4,'https://www.lg.com/hu');
insert into manufacturer VALUES (12,'Japan','Sony Corporation',5,'https://www.sony.com/');
insert into manufacturer VALUES (13,'Netherlands','Philips ',5,'https://www.philips.com/global');
insert into manufacturer VALUES (14,'Germany','Bosch ',5,'https://www.bosch.com/');
insert into manufacturer VALUES (15,'England','Whirlpool Corporation',2,'https://www.whirlpool.com/');



insert into brand VALUES(1, 'Acer');
INSERT INTO brand VALUES(2,'GeForce');
insert into brand VALUES(3, 'Asus');
insert into brand VALUES(4, 'Serioux');
insert into brand VALUES(5, 'HP');
insert into brand VALUES(6, 'IT_Store');
insert into brand VALUES(7, 'IT_Factory');
insert into brand VALUES(8, 'SmartPc');
insert into brand VALUES(9, 'Dell');
insert into brand VALUES(10, 'Lenovo');
INSERT INTO brand VALUES(11,'Samsung');
INSERT INTO brand VALUES(12,'LG');
INSERT INTO brand VALUES(13,'Sony');
INSERT INTO brand VALUES(14,'Philips');
INSERT INTO brand VALUES(15,'Bosch');
INSERT INTO brand VALUES(16,'Whirpool');



insert into category VALUES(1, 'Asztali_számítógép');
insert into category VALUES(2, 'Monitorok');
insert into category VALUES(3, 'Gamer_Pc');
insert into category VALUES(4, 'Gamer_laptopok');
insert into category VALUES(5, 'Gamer_monitorok');
insert into category VALUES(6, 'Gamer_billentyűzetek');
insert into category VALUES(7, 'Gamer_egér');
insert into category VALUES(8, 'Szoftverek');
insert into category VALUES(9, 'Pc_alkatrészek');
insert into category VALUES(10, 'SSD_meghajtók');
INSERT INTO category VALUES (11,'Tv');
INSERT INTO category VALUES (12,'Washing machine');
INSERT INTO category VALUES (13,'Telephones');



INSERT INTO product VALUES (1,'Acer Nitro 50 Gamer asztali számítógép',434.990,1,1,2,1);
INSERT INTO product VALUES (2,'Acer VZ4860G All-in-One Asztali számítógép',434.190,1,1,2,1);
INSERT INTO product VALUES (3,'GeForce Office i7 Asztali PC',154.990,2,1,3,4);
INSERT INTO product VALUES (4,'ASUS ROG Strix G15DH-HU009D Asztali számítógép',379.990,3,3,4,5);
INSERT INTO product VALUES (5,'Serioux Gaming asztali számítógép',182.990,3,4,5,1);
INSERT INTO product VALUES (6,'ASUS Cerberus gaming egér, Fekete',12.990,3,7,4,4);
INSERT INTO product VALUES (7,'ASUS ROG STRIX SCOPE TKL RGB mechanikus gamer billentyűzet, magyar kiosztás',54.990,3,6,4,4);
INSERT INTO product VALUES (8,'HP S700 Solid-State Drive (SSD meghajtó)',17.170,5,9,6,3);
INSERT INTO product VALUES (9,'Dell Alienware Ívelt Gaming monitor',369.990,9,5,10,2);
INSERT INTO product VALUES (10,'Acer Predator Gaming LED Monitor, 27',301.990,1,5,2,1);

INSERT INTO product VALUES (11,'Samsung Smart LED Televízió, 108 cm, 4K Ultra HD',129.999,11,11,1,5);
INSERT INTO product VALUES (12,'Samsung QLED Smart LED Televízió, 138 cm, 4K Ultra HD',159.000,11,11,1,5);
INSERT INTO product VALUES (13,'Samsung Smart LED Televízió, 138 cm, 4K Ultra HD',149.999,11,11,1,5);
INSERT INTO product VALUES (14,'Samsung Smart LED Televízió, 163 cm, 4K Ultra HD',254.670,11,11,1,5);
INSERT INTO product VALUES (15,'Samsung Smart LED Televízió, 80 cm, Full HD',89.999,11,11,1,5);
INSERT INTO product VALUES (16,'Samsung Smart LED Televízió, 125 cm, 4K Ultra HD',139.500,11,11,1,5);

INSERT INTO product VALUES (17,'LG Smart LED Televízió, 124 cm, 4K Ultra',112.990,12,11,11,4);
INSERT INTO product VALUES (18,'LG Smart LED Televízió, 139 cm, 4K Ultra',151.999,12,11,11,4);
INSERT INTO product VALUES (19,'LG NanoCell Smart LED Televízió, 124 cm, 4K Ultra HD',178.990,12,11,11,4);
INSERT INTO product VALUES (20,'LG Smart LED Televízió, 127 cm, 4K Ultra',123.990,12,11,11,4);
INSERT INTO product VALUES (21,'LG NanoCell Smart LED Televízió, 139 cm, 4K Ultra',179.990,12,11,11,4);


INSERT INTO product VALUES (22,'Sony Smart LED Televízió, 138 cm, 4K Ultra HD',144.990,13,11,12,3);
INSERT INTO product VALUES (23,'Sony Smart LED televízió, 125 cm, FullHd',124.999,13,11,12,3);
INSERT INTO product VALUES (24,'Sony Smart LED TV, Android, 4K Ultra HD',268.990,13,11,12,3);
INSERT INTO product VALUES (25,'Sony Smart LED Televízió, Android, 163 cm, 4K Ultra HD',279.990,13,11,12,3);
INSERT INTO product VALUES (26,'Sony Smart LED Televízió, 80 cm, HD Ready',94.990,13,11,12,3);

INSERT INTO product VALUES (27,'Philips Smart LED Televízió, 80 cm ,Full HD',79.990,14,11,13,2);
INSERT INTO product VALUES (28,'Philips LED Televízió, 80 cm, Full HD',61.143,14,11,13,2);
INSERT INTO product VALUES (29,'Philips Smart LED Televízió, 178 cm, 4K Ultra HD',228.990,14,11,13,2);
INSERT INTO product VALUES (30,'Philips Smart LED Televízió, 146 cm, 4K Ultra HD',169.990,14,11,13,2);
INSERT INTO product VALUES (31,'Philips Smart LED Televízió, 108 cm, 4K Ultra HD',103.990,14,11,13,2);

INSERT INTO product VALUES (32,'Samsung Elöltöltős mosógép, 8kg, A+++, Szürke',138.990,11,12,1,5);
INSERT INTO product VALUES (33,'Samsung Elöltöltős mosó-szárítógép, 8kg mosás, Fehér',159.999,11,12,1,5);
INSERT INTO product VALUES (34,'Samsung Elöltöltős mosógép, 7kg, A+++ energiaosztály, Fehér',124.990,11,12,1,5);
INSERT INTO product VALUES (35,'Samsung Elöltöltős mosógép, 8kg, A+++ energiaosztály, 60 cm',139.990,11,12,1,5);
INSERT INTO product VALUES (36,'Samsung Mosó- szárítógép, 9kg mosás, 6kg szárítás, A energiaosztály, Fehér',211.990,11,12,1,5);

INSERT INTO product VALUES (37,'LG Elöltöltős keskeny mosógép, 6,5kg, A+++ energiaosztály, Fehér',94.990,12,12,11,4);
INSERT INTO product VALUES (38,'LG Elöltöltős keskeny mosó-szárítógép, 7kg mosás, 4kg szárítás, B energiaosztály Fehér',174.999,12,12,11,4);
INSERT INTO product VALUES (39,'LG Mosó-szárítógép, mosás 8 kg, szárítás 5 kg, A energiaosztály, Fehér',179.990,12,12,11,4);
INSERT INTO product VALUES (40,'LG Keskeny elöltöltős mosógép, 6.5kg, A+++ , Fehér',121.990,12,12,11,4);
INSERT INTO product VALUES (41,'LG Elöltöltős keskeny mosógép, 6.5kg, A+++ energiaosztály, Fehér',104.990,12,12,11,4);

INSERT INTO product VALUES (42,'Bosch Serie4 Elöltöltős mosógép, 8kg, A+++ energiaosztály, Fehér',123.990,15,12,14,1);
INSERT INTO product VALUES (43,'Bosch Serie6 Elöltöltős mosógép, 9 kg, A+++ energiaosztály, Fehér',144.990,15,12,14,1);
INSERT INTO product VALUES (44,'Bosch Serie4 Elöltöltős mosógép, 8kg, A+++ energiaosztály, Fehér',154.520,15,12,14,1);
INSERT INTO product VALUES (45,'Bosch Serie6 Elöltöltős mosógép, 8kg, A+++ , Fehér',147.990,15,12,14,1);
INSERT INTO product VALUES (46,'Bosch Serie6 Elöltöltős mosógép, 9 kg, A+++ energiaosztály, Fehér',284.990,15,12,14,1);

INSERT INTO product VALUES (47,'Whirlpool Mosó- szárítógép, 8kg mosás, 6kg szárítás, A energiaosztály,  Fehér',142.990,16,12,15,2);
INSERT INTO product VALUES (48,'Whirlpool Felültöltős mosógép, 5 kg, A++ energiaosztály, Fehér',79.990,16,12,15,2);
INSERT INTO product VALUES (49,'Whirlpool Elöltöltős mosógép, 7kg, A+++ energiaosztály, Fehér',88.920,16,12,15,2);
INSERT INTO product VALUES (50,'Whirlpool felültöltős mosógép, A+++ energiaosztály, Fehér',84.990,16,12,15,2);
INSERT INTO product VALUES (51,'Whirlpool Felültöltős mosógép, 6 kg, A+++ energiaosztály, Fehér',85.990,16,12,15,2);

INSERT INTO product VALUES (52,'Samsung Galaxy A21 Mobiltelefon, Kártyafüggetlen, Dual SIM, 32GB, LTE, Fehér',63.990,11,13,1,5);
INSERT INTO product VALUES (53,'Samsung Galaxy A71 Mobiltelefon, Kártyafüggetlen, Dual SIM, 128GB, LTE, Kék',129.990,11,13,1,5);
INSERT INTO product VALUES (54,'Samsung Galaxy Note 20 Ultra Mobiltelefon, Kártyafüggetlen, Dual SIM, 256 GB, 5G, Barna',488.920,11,13,1,5);
INSERT INTO product VALUES (55,'Samsung Galaxy Z Fold2 5G Mobiltelefon, Kártyafüggetlen, 256GB, Misztikus Fekete',749.990,11,13,1,5);
INSERT INTO product VALUES (56,'Samsung Galaxy A21 Mobiltelefon, Kártyafüggetlen, Dual SIM, 32GB, LTE, Fekete',65.990,11,13,1,5);

INSERT INTO product VALUES (57,'LG K20 Feltöltőkártyás Mobiltelefon, Kék',23.990,12,13,11,4);
INSERT INTO product VALUES (58,'LG Velvet Mobiltelefon, Kártyafüggetlen, Dual SIM, 128GB, LTE, Ezüst',179.990,12,13,11,4);
INSERT INTO product VALUES (59,'LG K20 Feltöltőkártyás Mobiltelefon, + Telekom Domino Quick SIM kártya',24.990,12,13,11,4);
INSERT INTO product VALUES (60,'LG Velvet Mobiltelefon, Kártyafüggetlen, Dual SIM, 128GB, LTE, Fekete',184.990,12,13,11,4);
INSERT INTO product VALUES (61,'LG G8s ThinQ 128GB Dual Sim Mirror White',141.990,12,13,11,4);


INSERT INTO `product_history` (`id`, `date`, `price`, `quantity`, `product_id`) VALUES (1001, '2020-11-04', 434, 100, 1);
INSERT INTO `product_history` (`id`, `date`, `price`, `quantity`, `product_id`) VALUES (1002, '1999-10-20', 200, 999, 1);
INSERT INTO `product_history` (`id`, `date`, `price`, `quantity`, `product_id`) VALUES (1003, '2020-11-03', 210, 111, 1);
INSERT INTO `product_history` (`id`, `date`, `price`, `quantity`, `product_id`) VALUES (1004, '2020-11-01', 300, 222, 1);
INSERT INTO `product_history` (`id`, `date`, `price`, `quantity`, `product_id`) VALUES (1005, '2020-10-28', 450, 333, 1);
INSERT INTO `product_history` (`id`, `date`, `price`, `quantity`, `product_id`) VALUES (1006, '2020-10-26', 210, 444, 1);
INSERT INTO `product_history` (`id`, `date`, `price`, `quantity`, `product_id`) VALUES (1007, '2031-11-14', 222, 555, 1);
INSERT INTO `product_history` (`id`, `date`, `price`, `quantity`, `product_id`) VALUES (1008, '1990-10-30', 111, 666, 1);
INSERT INTO `product_history` (`id`, `date`, `price`, `quantity`, `product_id`) VALUES (1009, '1997-11-04', 101, 777, 1);
INSERT INTO `product_history` (`id`, `date`, `price`, `quantity`, `product_id`) VALUES (1010, '1999-10-20', 50, 888, 1);
INSERT INTO `product_history` (`id`, `date`, `price`, `quantity`, `product_id`) VALUES (2001, '2020-10-30', 450, 1000, 2);
INSERT INTO `product_history` (`id`, `date`, `price`, `quantity`, `product_id`) VALUES (2002, '2020-11-05', 400, 900, 2);
INSERT INTO `product_history` (`id`, `date`, `price`, `quantity`, `product_id`) VALUES (2003, '2020-10-31', 350, 950, 2);
INSERT INTO `product_history` (`id`, `date`, `price`, `quantity`, `product_id`) VALUES (2004, '2020-10-10', 500, 1200, 2);
INSERT INTO `product_history` (`id`, `date`, `price`, `quantity`, `product_id`) VALUES (2005, '2000-02-14', 333, 1500, 2);
INSERT INTO `product_history` (`id`, `date`, `price`, `quantity`, `product_id`) VALUES (2006, '1999-02-22', 555, 0, 2);
INSERT INTO `product_history` (`id`, `date`, `price`, `quantity`, `product_id`) VALUES (2007, '1997-01-10', 403, 100, 2);
INSERT INTO `product_history` (`id`, `date`, `price`, `quantity`, `product_id`) VALUES (2018, '1500-10-20', 430, 0, 2);
INSERT INTO `product_history` (`id`, `date`, `price`, `quantity`, `product_id`) VALUES (3001, '2020-10-29', 155, 200, 3);
INSERT INTO `product_history` (`id`, `date`, `price`, `quantity`, `product_id`) VALUES (3002, '2020-11-07', 200, 300, 3);
INSERT INTO `product_history` (`id`, `date`, `price`, `quantity`, `product_id`) VALUES (3003, '2020-10-30', 165, 200, 3);
INSERT INTO `product_history` (`id`, `date`, `price`, `quantity`, `product_id`) VALUES (3004, '2020-04-05', 170, 320, 3);
INSERT INTO `product_history` (`id`, `date`, `price`, `quantity`, `product_id`) VALUES (3005, '2000-05-31', 177, 330, 3);
INSERT INTO `product_history` (`id`, `date`, `price`, `quantity`, `product_id`) VALUES (3006, '2001-02-27', 300, 340, 3);
INSERT INTO `product_history` (`id`, `date`, `price`, `quantity`, `product_id`) VALUES (3007, '2002-09-10', 200, 190, 3);
INSERT INTO `product_history` (`id`, `date`, `price`, `quantity`, `product_id`) VALUES (3018, '1000-09-20', 230, 199, 3);
INSERT INTO `product_history` (`id`, `date`, `price`, `quantity`, `product_id`) VALUES (4001, '2020-11-06', 380, 100, 4);
INSERT INTO `product_history` (`id`, `date`, `price`, `quantity`, `product_id`) VALUES (4002, '2020-11-05', 400, 200, 4);
INSERT INTO `product_history` (`id`, `date`, `price`, `quantity`, `product_id`) VALUES (4003, '2020-11-04', 410, 300, 4);
INSERT INTO `product_history` (`id`, `date`, `price`, `quantity`, `product_id`) VALUES (4004, '2020-11-03', 420, 320, 4);
INSERT INTO `product_history` (`id`, `date`, `price`, `quantity`, `product_id`) VALUES (4005, '2020-11-02', 430, 310, 4);
INSERT INTO `product_history` (`id`, `date`, `price`, `quantity`, `product_id`) VALUES (4006, '2020-11-01', 440, 305, 4);
INSERT INTO `product_history` (`id`, `date`, `price`, `quantity`, `product_id`) VALUES (4007, '2020-10-31', 445, 306, 4);
INSERT INTO `product_history` (`id`, `date`, `price`, `quantity`, `product_id`) VALUES (4008, '2020-10-31', 447, 307, 4);
INSERT INTO `product_history` (`id`, `date`, `price`, `quantity`, `product_id`) VALUES (4009, '2020-10-30', 445, 310, 4);
INSERT INTO `product_history` (`id`, `date`, `price`, `quantity`, `product_id`) VALUES (4010, '2000-10-29', 450, 340, 4);
INSERT INTO `product_history` (`id`, `date`, `price`, `quantity`, `product_id`) VALUES (5001, '1999-11-06', 130, 10000, 5);
INSERT INTO `product_history` (`id`, `date`, `price`, `quantity`, `product_id`) VALUES (5002, '2000-11-05', 800, 500, 5);
INSERT INTO `product_history` (`id`, `date`, `price`, `quantity`, `product_id`) VALUES (5003, '2010-11-04', 420, 9500, 5);
INSERT INTO `product_history` (`id`, `date`, `price`, `quantity`, `product_id`) VALUES (5004, '2012-11-03', 210, 250, 5);
INSERT INTO `product_history` (`id`, `date`, `price`, `quantity`, `product_id`) VALUES (5005, '2008-11-02', 155, 9000, 5);
INSERT INTO `product_history` (`id`, `date`, `price`, `quantity`, `product_id`) VALUES (5006, '2009-11-01', 133, 125, 5);
INSERT INTO `product_history` (`id`, `date`, `price`, `quantity`, `product_id`) VALUES (5007, '2100-10-31', 333, 8500, 5);
INSERT INTO `product_history` (`id`, `date`, `price`, `quantity`, `product_id`) VALUES (5018, '2021-10-31', 183, 100, 5);